T1-1	XZ31	CATCACGC
T1-2	XZ31	GTCGTCGC
T1-3	XZ31	ACGACCGC
T1-4	XZ31	TGATGCGC
T1-5	XZ31	CATCAATC
T1-6	XZ31	GTCGTATC
M1A-1	XZ31	ACGACATC
M1A-2	XZ31	TGATGATC
M1A-3	XZ31	CATCATCC
M1A-4	XZ31	GTCGTTCC
M1A-5	XZ31	ACGACTCC
M1B-1	XZ31	TGATGTCC
M1B-2	XZ31	CATCAGAA
M1B-3	XZ31	GTCGTGAA
M1B-4	XZ31	ACGACGAA
M1B-5	XZ31	TGATGGAA
M1B-6	XZ31	TCACACGC
M1B-7	XZ31	CGTGTCGC
T2-1	XZ31	GACACCGC
T2-2	XZ31	ATGTGCGC
T2-3	XZ31	TCACATCA
T2-4	XZ31	CGTGTTCA
T2-5	XZ31	GACACTCA
T2-6	XZ31	ATGTGTCA
M2A-1	XZ31	TCACAGAG
M2A-2	XZ31	CGTGTGAG
M2A-3	XZ31	GACACGAG
M2A-4	XZ31	ATGTGGAG
M2A-5	XZ31	CTAACCGC
M2A-6	XZ31	GCTTGCGC
M2A-7	XZ31	AGCCACGC
M2B-1	XZ31	TAGGTCGC
M2B-2	XZ31	CTAACTCA
M2B-3	XZ31	GCTTGTCA
M2B-4	XZ31	AGCCATCA
T3-1	XZ31	TAGGTTCA
T3-2	XZ31	CTAACGAG
T3-3	XZ31	GCTTGGAG
T3-4	XZ31	AGCCAGAG
T3-5	XZ31	TAGGTGAG
M3A-1	XZ31	GAATCCGA
M3A-2	XZ31	ATTCGCGA
M3A-3	XZ31	TCCGACGA
M3A-4	XZ31	CGGATCGA
M3A-5	XZ31	GAATCATC
M3B-1	XZ31	ATTCGATC
M3B-2	XZ31	TCCGAATC
M3B-3	XZ31	CGGATATC
M3B-4	XZ38	CATCACGC
M3B-5	XZ38	GTCGTCGC
T4A-1	XZ38	ACGACCGC
T4A-2	XZ38	TGATGCGC
T4A-3	XZ38	CATCAATC
T4A-4	XZ38	GTCGTATC
T4A-5	XZ38	ACGACATC
T4A-6	XZ38	TGATGATC
T4A-7	XZ38	CATCATCC
T4B-1	XZ38	GTCGTTCC
T4B-2	XZ38	ACGACTCC
T4B-3	XZ38	TGATGTCC
T4B-4	XZ38	CATCAGAA
T4B-5	XZ38	GTCGTGAA
T4B-6	XZ38	ACGACGAA
M4A-1	XZ38	TGATGGAA
M4A-2	XZ38	TCACACGC
M4A-3	XZ38	CGTGTCGC
M4A-4	XZ38	GACACCGC
M4A-5	XZ38	ATGTGCGC
M4A-6	XZ38	TCACATCA
M4A-7	XZ38	CGTGTTCA
M4B-1	XZ38	GACACTCA
M4B-2	XZ38	ATGTGTCA
M4B-3	XZ38	TCACAGAG
M4B-4	XZ38	CGTGTGAG
T5A-1	XZ38	GACACGAG
T5A-2	XZ38	ATGTGGAG
T5A-3	XZ38	CTAACCGC
T5A-4	XZ38	GCTTGCGC
T5A-5	XZ38	AGCCACGC
T5A-6	XZ38	TAGGTCGC
T5A-7	XZ38	CTAACTCA
T5B-1	XZ38	GCTTGTCA
T5B-2	XZ38	AGCCATCA
T5B-3	XZ38	TAGGTTCA
T5B-4	XZ38	CTAACGAG
T5B-5	XZ38	GCTTGGAG
T5B-6	XZ38	AGCCAGAG
T5B-7	XZ38	TAGGTGAG
M5A-1	XZ38	GAATCCGA
M5A-2	XZ38	ATTCGCGA
M5A-3	XZ38	TCCGACGA
M5A-4	XZ38	CGGATCGA
M5A-5	XZ38	GAATCATC
M5B-1	XZ38	ATTCGATC
M5B-2	XZ38	TCCGAATC
M5B-3	XZ38	CGGATATC
M5B-4	XZ39	CATCACGC
M5B-5	XZ39	GTCGTCGC
M5B-6	XZ39	ACGACCGC
M5B-7	XZ39	TGATGCGC
T6-1	XZ39	CATCAATC
T6-2	XZ39	GTCGTATC
T6-3	XZ39	ACGACATC
T6-4	XZ39	TGATGATC
T6-5	XZ39	CATCATCC
T6-6	XZ39	GTCGTTCC
M6-1	XZ39	ACGACTCC
M6-2	XZ39	TGATGTCC
M6-3	XZ39	CATCAGAA
M6-4	XZ39	GTCGTGAA
M6-5	XZ39	ACGACGAA
T7A-1	XZ39	TGATGGAA
T7A-2	XZ39	TCACACGC
T7A-3	XZ39	CGTGTCGC
T7A-4	XZ39	GACACCGC
T7B-1	XZ39	ATGTGCGC
T7B-2	XZ39	TCACATCA
T7B-3	XZ39	CGTGTTCA
T7B-4	XZ39	GACACTCA
T7B-5	XZ39	ATGTGTCA
T7B-6	XZ39	TCACAGAG
M7A-1	XZ39	CGTGTGAG
M7A-2	XZ39	GACACGAG
M7A-3	XZ39	ATGTGGAG
M7A-4	XZ39	CTAACCGC
M7A-5	XZ39	GCTTGCGC
M7A-6	XZ39	AGCCACGC
M7B-1	XZ39	TAGGTCGC
M7B-2	XZ39	CTAACTCA
M7B-3	XZ39	GCTTGTCA
M7B-4	XZ39	AGCCATCA
M7B-5	XZ39	TAGGTTCA
T8-1	XZ39	CTAACGAG
T8-2	XZ39	GCTTGGAG
T8-3	XZ39	AGCCAGAG
T8-4	XZ39	TAGGTGAG
T8-5	XZ39	GAATCCGA
T8-6	XZ39	ATTCGCGA
M8A-1	XZ39	TCCGACGA
M8A-2	XZ39	CGGATCGA
M8A-3	XZ39	GAATCATC
M8A-4	XZ39	ATTCGATC
M8A-5	XZ39	TCCGAATC
M8A-6	XZ39	CGGATATC
M8B-1	XZ43	CATCACGC
M8B-2	XZ43	GTCGTCGC
M8B-3	XZ43	ACGACCGC
M8B-4	XZ43	TGATGCGC
M8B-5	XZ43	CATCAATC
M8B-6	XZ43	GTCGTATC
M8B-7	XZ43	ACGACATC
T9-1	XZ43	TGATGATC
T9-2	XZ43	CATCATCC
T9-3	XZ43	GTCGTTCC
T9-4	XZ43	ACGACTCC
T9-5	XZ43	TGATGTCC
T9-6	XZ43	CATCAGAA
T9-7	XZ43	GTCGTGAA
M9A-1	XZ43	ACGACGAA
M9A-2	XZ43	TGATGGAA
M9A-3	XZ43	TCACACGC
M9B-1	XZ43	CGTGTCGC
M9B-2	XZ43	GACACCGC
M9B-3	XZ43	ATGTGCGC
M9B-4	XZ43	TCACATCA
M9B-5	XZ43	CGTGTTCA
M9B-6	XZ43	GACACTCA
M9B-7	XZ43	ATGTGTCA
T10A-1	XZ43	TCACAGAG
T10A-2	XZ43	CGTGTGAG
T10A-3	XZ43	GACACGAG
T10A-4	XZ43	ATGTGGAG
T10A-5	XZ43	CTAACCGC
T10A-6	XZ43	GCTTGCGC
T10A-7	XZ43	AGCCACGC
T10B-1	XZ43	TAGGTCGC
T10B-2	XZ43	CTAACTCA
T10B-3	XZ43	GCTTGTCA
T10B-4	XZ43	AGCCATCA
T10B-5	XZ43	TAGGTTCA
T10B-6	XZ43	CTAACGAG
T10B-7	XZ43	GCTTGGAG
M10A-1	XZ43	AGCCAGAG
M10A-2	XZ43	TAGGTGAG
M10B-1	XZ43	GAATCCGA
M10B-2	XZ43	ATTCGCGA
M10B-3	XZ43	TCCGACGA
M10B-4	XZ43	CGGATCGA
M10B-5	XZ43	GAATCATC
M10B-6	XZ43	ATTCGATC
T11-1	XZ43	TCCGAATC
T11-2	XZ43	CGGATATC
T11-3	XZ43	GAATCTCG
T11-4	XZ43	ATTCGTCG
T11-5	XZ45	CATCACGC
M11-1	XZ45	GTCGTCGC
M11-2	XZ45	ACGACCGC
M11-3	XZ45	TGATGCGC
M11-4	XZ45	CATCAATC
M11-5	XZ45	GTCGTATC
M11-6	XZ45	ACGACATC
M11-7	XZ45	TGATGATC
T12-1	XZ45	CATCATCC
T12-2	XZ45	GTCGTTCC
T12-3	XZ45	ACGACTCC
T12-4	XZ45	TGATGTCC
T12-5	XZ45	CATCAGAA
T12-6	XZ45	GTCGTGAA
M12A-1	XZ45	ACGACGAA
M12A-2	XZ45	TGATGGAA
M12A-3	XZ45	TCACACGC
M12A-4	XZ45	CGTGTCGC
M12A-5	XZ45	GACACCGC
M12A-6	XZ45	ATGTGCGC
M12B-1	XZ45	TCACATCA
M12B-2	XZ45	CGTGTTCA
M12B-3	XZ45	GACACTCA
M12B-4	XZ45	ATGTGTCA
M12B-5	XZ45	TCACAGAG
M12B-6	XZ45	CGTGTGAG
T13-1	XZ45	GACACGAG
T13-2	XZ45	ATGTGGAG
T13-3	XZ45	CTAACCGC
M13A-1	XZ45	GCTTGCGC
M13A-2	XZ45	AGCCACGC
M13A-3	XZ45	TAGGTCGC
M13A-4	XZ45	CTAACTCA
M13A-5	XZ45	GCTTGTCA
M13B-1	XZ45	AGCCATCA
M13B-2	XZ45	TAGGTTCA
M13B-3	XZ45	CTAACGAG
M13B-4	XZ45	GCTTGGAG
T14-1	XZ45	AGCCAGAG
T14-2	XZ45	TAGGTGAG
T14-3	XZ45	GAATCCGA
T14-4	XZ45	ATTCGCGA
T14-5	XZ45	TCCGACGA
T14-6	XZ45	CGGATCGA
M14A-1	XZ45	GAATCATC
M14A-2	XZ45	ATTCGATC
M14A-3	XZ45	TCCGAATC
M14A-4	XZ45	CGGATATC
M14B-1	XZ63	GTCGTCGC
M14B-2	XZ63	ACGACCGC
M14B-3	XZ63	TGATGCGC
M14B-4	XZ63	CATCAATC
M14B-5	XZ63	GTCGTATC
M14B-6	XZ63	ACGACATC
T15-1	XZ63	GTCGTTCC
T15-2	XZ63	ACGACTCC
T15-3	XZ63	TGATGTCC
T15-4	XZ63	CATCAGAA
T15-5	XZ63	GTCGTGAA
M15A-1	XZ63	ACGACGAA
M15A-2	XZ63	CGTGTCGC
M15A-3	XZ63	GACACCGC
M15A-4	XZ63	ATGTGCGC
M15A-5	XZ63	TCACATCA
M15A-6	XZ63	CGTGTTCA
M15B-1	XZ63	GACACTCA
M15B-2	XZ63	CGTGTGAG
M15B-3	XZ63	GACACGAG
M15B-4	XZ63	ATGTGGAG
M15B-5	XZ63	CTAACCGC
T16-1	XZ63	GCTTGCGC
T16-2	XZ63	AGCCACGC
T16-3	XZ63	GCTTGTCA
T16-4	XZ63	AGCCATCA
T16-5	XZ63	TAGGTTCA
T16-6	XZ63	CTAACGAG
T16-7	XZ63	GCTTGGAG
M16-1	XZ63	AGCCAGAG
M16-2	XZ63	ATTCGCGA
M16-3	XZ63	TCCGACGA
M16-4	XZ63	CGGATCGA
M16-5	XZ63	GAATCATC
M16-6	XZ63	ATTCGATC
M16-7	XZ63	TCCGAATC
